{
  "offense": {
    "fr": 30.888030888030887,
    "so": 5.405405405405405,
    "jr": 40.54054054054054,
    "sr": 20.656370656370658
  },
  "defense-start": {
    "fr": 3.6666666666666665,
    "so": 0.05555555555555555,
    "jr": 2.3333333333333335,
    "sr": 2
  },
  "defense-played": {
    "fr": 6.5,
    "so": 7.111111111111111,
    "jr": 5.444444444444445,
    "sr": 4.611111111111111
  },
  "ground-balls": {
    "fr": 42.857142857142854,
    "so": 20.12288786482335,
    "jr": 10.44546850998464,
    "sr": 15.360983102918588
  },
  "face-offs-won": {
    "fr": 278,
    "so": 5,
    "jr": 0,
    "sr": 54
  },
  "face-off-percentage": {
    "fr": 0.61,
    "so": 0.333,
    "jr": 0,
    "sr": 0.568
  }
}