{
  "offense": {
    "fr": 7.142857142857142,
    "so": 14.285714285714285,
    "jr": 37.5,
    "sr": 41.07142857142857
  },
  "defense-start": {
    "fr": 1.5,
    "so": 1.5,
    "jr": 3,
    "sr": 2
  },
  "defense-played": {
    "fr": 6,
    "so": 6,
    "jr": 7,
    "sr": 8
  },
  "ground-balls": {
    "fr": 5.970149253731343,
    "so": 64.17910447761194,
    "jr": 14.925373134328357,
    "sr": 13.432835820895523
  },
  "face-offs-won": {
    "fr": 3,
    "so": 40,
    "jr": 0,
    "sr": 0
  },
  "face-off-percentage": {
    "fr": 0.5,
    "so": 0.755,
    "jr": 0,
    "sr": 0
  }
}